page,keyword,rounded_position,total_clicks,total_impressions,click_through_rate,avg_ctr,mean_impressions,median_impressions,lower_quartile_impressions,upper_quartile_impressions,opportunity_summary,question_word,position_score,impression_score,ctr_score,longtail_score,opportunity_score
/gb/snowsports/ski-boots,mens ski boots,1.0,5693,71354,0.07978529584886622,7.98,146.72,124.0,64.0,203.25,Striking Distance,No Question Word,0.1,351.0651906519065,0.07978529584886622,1,0.801
/de/snowsports/ski-boots,mens ski boots,1.0,5465,68163,0.0801754617607793,8.02,146.72,124.0,64.0,203.25,Striking Distance,No Question Word,0.1,335.3653136531365,0.0801754617607793,1,0.801
/gb/outdoor/waterproof-jackets,outdoor rain jacket,1.0,5273,67770,0.07780728936107423,7.78,146.72,124.0,64.0,203.25,Striking Distance,No Question Word,0.1,333.43173431734317,0.07780728936107423,1,0.801
/de/snowsports/ski-boots,womens ski boots,1.0,5074,65153,0.0778782251009163,7.79,146.72,124.0,64.0,203.25,Striking Distance,No Question Word,0.1,320.5559655596556,0.0778782251009163,1,0.801
/de/snowsports/snowboard-boots,burton snowboard boots,1.0,5178,65338,0.07924944136643301,7.92,146.72,124.0,64.0,203.25,Striking Distance,No Question Word,0.1,321.4661746617466,0.07924944136643301,1,0.801
/fr/snowsports/snowboard-boots,mens snowboard boots,1.0,5012,62161,0.08062933350493075,8.06,146.72,124.0,64.0,203.25,Striking Distance,No Question Word,0.1,305.8351783517835,0.08062933350493075,1,0.801
/gb/snowsports/ski-jackets,waterproof ski jacket,1.0,5854,74491,0.07858667490032353,7.86,146.72,124.0,64.0,203.25,Striking Distance,No Question Word,0.1,366.49938499384996,0.07858667490032353,1,0.801
/fr/snowsports/ski-jackets,helly hansen ski jacket,1.0,5127,63116,0.08123138348437797,8.12,146.72,124.0,64.0,203.25,Striking Distance,No Question Word,0.1,310.5338253382534,0.08123138348437797,1,0.801
/fr/swimming/open-water-swimming,open water wetsuit,1.0,4536,58082,0.07809648428084433,7.81,146.72,124.0,64.0,203.25,Striking Distance,No Question Word,0.1,285.7662976629766,0.07809648428084433,1,0.801
/gb/snowsports/ski-boots,womens ski boots,1.0,6058,75898,0.07981765000395268,7.98,146.72,124.0,64.0,203.25,Striking Distance,No Question Word,0.1,373.4218942189422,0.07981765000395268,1,0.801
/de/snowsports/skis,all mountain skis,1.0,5573,68628,0.08120592178119718,8.12,146.72,124.0,64.0,203.25,Striking Distance,No Question Word,0.1,337.6531365313653,0.08120592178119718,1,0.801
/de/snowsports/ski-jackets,waterproof ski jacket,1.0,5414,68613,0.07890632970428345,7.89,146.72,124.0,64.0,203.25,Striking Distance,No Question Word,0.1,337.5793357933579,0.07890632970428345,1,0.801
/fr/snowsports/snowboard-boots,burton snowboard boots,1.0,5276,66318,0.07955607828945384,7.96,146.72,124.0,64.0,203.25,Striking Distance,No Question Word,0.1,326.2878228782288,0.07955607828945384,1,0.801
/de/snowsports/snowboard-boots,mens snowboard boots,1.0,5484,68286,0.08030928740883929,8.03,146.72,124.0,64.0,203.25,Striking Distance,No Question Word,0.1,335.97047970479707,0.08030928740883929,1,0.801
/fr/snowsports/ski-boots,mens ski boots,1.0,4902,62540,0.07838183562519987,7.84,146.72,124.0,64.0,203.25,Striking Distance,No Question Word,0.1,307.69987699877,0.07838183562519987,1,0.801
/gb/snowsports/ski-jackets,helly hansen ski jacket,1.0,6031,75870,0.07949123500724924,7.95,146.72,124.0,64.0,203.25,Striking Distance,No Question Word,0.1,373.2841328413284,0.07949123500724924,1,0.801
/fr/snowsports/ski-boots,womens ski boots,1.0,4970,63228,0.07860441576516733,7.86,146.72,124.0,64.0,203.25,Striking Distance,No Question Word,0.1,311.0848708487085,0.07860441576516733,1,0.801
/gb/snowsports/snowboard-boots,mens snowboard boots,1.0,5936,75959,0.07814742163535592,7.81,146.72,124.0,64.0,203.25,Striking Distance,No Question Word,0.1,373.7220172201722,0.07814742163535592,1,0.801
/fr/snowsports/ski-jackets,waterproof ski jacket,1.0,5144,64133,0.08020831709104517,8.02,146.72,124.0,64.0,203.25,Striking Distance,No Question Word,0.1,315.53751537515376,0.08020831709104517,1,0.801
/de/swimming/open-water-swimming,wild swimming gear,1.0,4853,66256,0.0732461965708766,7.32,146.72,124.0,64.0,203.25,Striking Distance,No Question Word,0.1,325.98277982779825,0.0732461965708766,1,0.8
/de/running/running-shoes,salomon running shoes,1.0,5180,70605,0.07336590892996246,7.34,146.72,124.0,64.0,203.25,Striking Distance,No Question Word,0.1,347.380073800738,0.07336590892996246,1,0.8
/gb/running/running-shoes,salomon running shoes,1.0,5806,77455,0.07495965399264089,7.5,146.72,124.0,64.0,203.25,Striking Distance,No Question Word,0.1,381.08241082410825,0.07495965399264089,1,0.8
/gb/running/running-shoes,trail running shoes,1.0,5718,76060,0.07517749145411518,7.52,146.72,124.0,64.0,203.25,Striking Distance,No Question Word,0.1,374.2189421894219,0.07517749145411518,1,0.8
/gb/climbing/ropes,rock climbing rope,1.0,5593,75833,0.07375417034800152,7.38,146.72,124.0,64.0,203.25,Striking Distance,No Question Word,0.1,373.1020910209102,0.07375417034800152,1,0.8
/de/brands/patagonia/fleeces,fleece mid layer,1.0,4806,62484,0.07691569041674669,7.69,146.72,124.0,64.0,203.25,Striking Distance,No Question Word,0.1,307.42435424354244,0.07691569041674669,1,0.8
/gb/outdoor/waterproof-jackets,north face waterproof jacket,1.0,5085,67600,0.07522189349112426,7.52,146.72,124.0,64.0,203.25,Striking Distance,No Question Word,0.1,332.59532595325953,0.07522189349112426,1,0.8
/gb/hiking/walking-shoes,lightweight walking shoes,1.0,5545,74752,0.07417861729452055,7.42,146.72,124.0,64.0,203.25,Striking Distance,No Question Word,0.1,367.7835178351784,0.07417861729452055,1,0.8
/de/climbing/ropes,rock climbing rope,1.0,4733,64381,0.07351547816902503,7.35,146.72,124.0,64.0,203.25,Striking Distance,No Question Word,0.1,316.75768757687575,0.07351547816902503,1,0.8
/de/hiking/hiking-boots,waterproof hiking boots,1.0,5173,69318,0.07462708098906488,7.46,146.72,124.0,64.0,203.25,Striking Distance,No Question Word,0.1,341.0479704797048,0.07462708098906488,1,0.8
/de/hiking/walking-shoes,lightweight walking shoes,1.0,4899,66897,0.0732319834970178,7.32,146.72,124.0,64.0,203.25,Striking Distance,No Question Word,0.1,329.13653136531366,0.0732319834970178,1,0.8
/gb/hiking/hiking-boots,waterproof hiking boots,1.0,5804,79081,0.07339310327385845,7.34,146.72,124.0,64.0,203.25,Striking Distance,No Question Word,0.1,389.08241082410825,0.07339310327385845,1,0.8
/de/climbing/ropes,indoor climbing rope,1.0,5346,71402,0.07487185232906642,7.49,146.72,124.0,64.0,203.25,Striking Distance,No Question Word,0.1,351.30135301353016,0.07487185232906642,1,0.8
/de/outdoor/waterproof-jackets,north face waterproof jacket,1.0,4904,63649,0.07704755769925686,7.7,146.72,124.0,64.0,203.25,Striking Distance,No Question Word,0.1,313.15621156211563,0.07704755769925686,1,0.8
/gb/brands/patagonia/fleeces,fleece mid layer,1.0,5247,68303,0.07681946620207018,7.68,146.72,124.0,64.0,203.25,Striking Distance,No Question Word,0.1,336.0541205412054,0.07681946620207018,1,0.8
/fr/snowsports/skis,all mountain skis,1.0,4938,63953,0.07721295326255219,7.72,146.72,124.0,64.0,203.25,Striking Distance,No Question Word,0.1,314.65190651906516,0.07721295326255219,1,0.8
/de/swimming/open-water-swimming,open water wetsuit,1.0,4426,59435,0.07446790611592496,7.45,146.72,124.0,64.0,203.25,Striking Distance,No Question Word,0.1,292.4231242312423,0.07446790611592496,1,0.8
/gb/hiking/hiking-boots,mens hiking boots,1.0,5405,72400,0.07465469613259669,7.47,146.72,124.0,64.0,203.25,Striking Distance,No Question Word,0.1,356.2115621156212,0.07465469613259669,1,0.8
/de/running/running-shoes,trail running shoes,1.0,4958,66757,0.0742693650104109,7.43,146.72,124.0,64.0,203.25,Striking Distance,No Question Word,0.1,328.4477244772448,0.0742693650104109,1,0.8
/gb/climbing/ropes,indoor climbing rope,1.0,5870,78513,0.07476468865028721,7.48,146.72,124.0,64.0,203.25,Striking Distance,No Question Word,0.1,386.2878228782288,0.07476468865028721,1,0.8
/fr/hiking/walking-shoes,outdoor walking shoes,1.0,4518,62148,0.0726974319366673,7.27,146.72,124.0,64.0,203.25,Striking Distance,No Question Word,0.1,305.77121771217713,0.0726974319366673,1,0.8
/de/camping/tents,family camping tent,1.0,4842,65509,0.07391350806759377,7.39,146.72,124.0,64.0,203.25,Striking Distance,No Question Word,0.1,322.30750307503075,0.07391350806759377,1,0.8
/fr/running/running-shoes,trail running shoes,1.0,4608,63389,0.07269400053637066,7.27,146.72,124.0,64.0,203.25,Striking Distance,No Question Word,0.1,311.8769987699877,0.07269400053637066,1,0.8
/de/outdoor/waterproof-jackets,outdoor rain jacket,1.0,4652,62317,0.07465057688913138,7.47,146.72,124.0,64.0,203.25,Striking Distance,No Question Word,0.1,306.60270602706026,0.07465057688913138,1,0.8
/fr/swimming/open-water-swimming,open water swimming,1.0,4813,64104,0.0750811181829527,7.51,146.72,124.0,64.0,203.25,Striking Distance,No Question Word,0.1,315.3948339483395,0.0750811181829527,1,0.8
/fr/camping/tents,family camping tent,1.0,4915,66413,0.07400659509433394,7.4,146.72,124.0,64.0,203.25,Striking Distance,No Question Word,0.1,326.7552275522755,0.07400659509433394,1,0.8
/gb/snowsports/snowboard-boots,burton snowboard boots,1.0,5472,71408,0.07663006946000449,7.66,146.72,124.0,64.0,203.25,Striking Distance,No Question Word,0.1,351.3308733087331,0.07663006946000449,1,0.8
/fr/climbing/ropes,indoor climbing rope,1.0,4681,64552,0.07251518155905316,7.25,146.72,124.0,64.0,203.25,Striking Distance,No Question Word,0.1,317.5990159901599,0.07251518155905316,1,0.8
/fr/hiking/hiking-boots,mens hiking boots,1.0,5171,69491,0.07441251385071448,7.44,146.72,124.0,64.0,203.25,Striking Distance,No Question Word,0.1,341.8991389913899,0.07441251385071448,1,0.8
/gb/swimming/open-water-swimming,open water wetsuit,1.0,5328,71311,0.07471498085849308,7.47,146.72,124.0,64.0,203.25,Striking Distance,No Question Word,0.1,350.8536285362854,0.07471498085849308,1,0.8
/gb/camping/tents,family camping tent,1.0,5683,75683,0.07508951812163894,7.51,146.72,124.0,64.0,203.25,Striking Distance,No Question Word,0.1,372.3640836408364,0.07508951812163894,1,0.8
/fr/brands/patagonia/fleeces,fleece mid layer,1.0,4554,59915,0.07600767754318619,7.6,146.72,124.0,64.0,203.25,Striking Distance,No Question Word,0.1,294.78474784747846,0.07600767754318619,1,0.8
/de/hiking/walking-shoes,outdoor walking shoes,1.0,5162,68486,0.07537306894839821,7.54,146.72,124.0,64.0,203.25,Striking Distance,No Question Word,0.1,336.95448954489547,0.07537306894839821,1,0.8
/fr/outdoor/waterproof-jackets,outdoor rain jacket,1.0,4559,59414,0.07673275658935605,7.67,146.72,124.0,64.0,203.25,Striking Distance,No Question Word,0.1,292.319803198032,0.07673275658935605,1,0.8
/de/swimming/open-water-swimming,open water swimming,1.0,5330,71108,0.07495640434268999,7.5,146.72,124.0,64.0,203.25,Striking Distance,No Question Word,0.1,349.85485854858547,0.07495640434268999,1,0.8
/gb/snowsports/skis,all mountain skis,1.0,5525,71566,0.07720146438252802,7.72,146.72,124.0,64.0,203.25,Striking Distance,No Question Word,0.1,352.1082410824108,0.07720146438252802,1,0.8
/fr/hiking/walking-shoes,lightweight walking shoes,1.0,4537,61814,0.07339761219141294,7.34,146.72,124.0,64.0,203.25,Striking Distance,No Question Word,0.1,304.1279212792128,0.07339761219141294,1,0.8
/fr/running/running-shoes,salomon running shoes,1.0,4671,63277,0.07381829100621079,7.38,146.72,124.0,64.0,203.25,Striking Distance,No Question Word,0.1,311.3259532595326,0.07381829100621079,1,0.8
/de/hiking/hiking-boots,mens hiking boots,1.0,5111,68580,0.07452610090405366,7.45,146.72,124.0,64.0,203.25,Striking Distance,No Question Word,0.1,337.4169741697417,0.07452610090405366,1,0.8
/fr/outdoor/waterproof-jackets,north face waterproof jacket,1.0,4310,57240,0.07529699510831586,7.53,146.72,124.0,64.0,203.25,Striking Distance,No Question Word,0.1,281.6236162361624,0.07529699510831586,1,0.8
/gb/swimming/open-water-swimming,open water swimming,1.0,5365,71970,0.07454494928442407,7.45,146.72,124.0,64.0,203.25,Striking Distance,No Question Word,0.1,354.0959409594096,0.07454494928442407,1,0.8
/fr/swimming/open-water-swimming,wild swimming gear,1.0,4688,64374,0.0728244322241899,7.28,146.72,124.0,64.0,203.25,Striking Distance,No Question Word,0.1,316.7232472324723,0.0728244322241899,1,0.8
/gb/hiking/walking-shoes,outdoor walking shoes,1.0,5728,75529,0.07583841967985806,7.58,146.72,124.0,64.0,203.25,Striking Distance,No Question Word,0.1,371.60639606396063,0.07583841967985806,1,0.8
/de/snowsports/ski-jackets,helly hansen ski jacket,1.0,5035,65094,0.07734967892586106,7.73,146.72,124.0,64.0,203.25,Striking Distance,No Question Word,0.1,320.2656826568266,0.07734967892586106,1,0.8
/fr/climbing/ropes,rock climbing rope,1.0,4529,63999,0.07076673073016766,7.08,146.72,124.0,64.0,203.25,Striking Distance,No Question Word,0.1,314.8782287822878,0.07076673073016766,1,0.799
/gb/swimming/open-water-swimming,wild swimming gear,1.0,5172,71460,0.0723761544920235,7.24,146.72,124.0,64.0,203.25,Striking Distance,No Question Word,0.1,351.58671586715866,0.0723761544920235,1,0.799
/fr/hiking/hiking-boots,waterproof hiking boots,1.0,4810,66392,0.0724484877696108,7.24,146.72,124.0,64.0,203.25,Striking Distance,No Question Word,0.1,326.65190651906516,0.0724484877696108,1,0.799
/gb/camping/tents,lightweight tent,1.0,5330,67782,0.07863444572305332,7.86,146.72,124.0,64.0,203.25,Striking Distance,No Question Word,0.1,333.4907749077491,0.07863444572305332,0,0.651
/gb/outdoor/waterproof-jackets,waterproof jackets,1.0,5357,68439,0.07827408349040751,7.83,146.72,124.0,64.0,203.25,Striking Distance,No Question Word,0.1,336.7232472324723,0.07827408349040751,0,0.651
/gb/snowsports/ski-jackets,ski jackets,1.0,5536,70779,0.07821528984585824,7.82,146.72,124.0,64.0,203.25,Striking Distance,No Question Word,0.1,348.2361623616236,0.07821528984585824,0,0.651
/de/brands/hestra/gloves,winter gloves,1.0,5520,68982,0.0800208750108724,8.0,146.72,124.0,64.0,203.25,Striking Distance,No Question Word,0.1,339.3948339483395,0.0800208750108724,0,0.651
/de/snowsports/skis,skis,1.0,5343,66842,0.07993477155082133,7.99,146.72,124.0,64.0,203.25,Striking Distance,No Question Word,0.1,328.86592865928657,0.07993477155082133,0,0.651
/de/snowsports/snowboard-boots,snowboard boots,1.0,5536,68884,0.08036699378665582,8.04,146.72,124.0,64.0,203.25,Striking Distance,No Question Word,0.1,338.91266912669124,0.08036699378665582,0,0.651
/gb/snowsports/ski-boots,ski boots,1.0,5737,72869,0.07873032428055826,7.87,146.72,124.0,64.0,203.25,Striking Distance,No Question Word,0.1,358.51906519065193,0.07873032428055826,0,0.651
/de/snowsports/skis,atomic skis,1.0,5582,70680,0.0789756649688738,7.9,146.72,124.0,64.0,203.25,Striking Distance,No Question Word,0.1,347.7490774907749,0.0789756649688738,0,0.651
/fr/accessories/sunglasses/oakley,ski sunglasses,1.0,5162,64317,0.08025871853475752,8.03,146.72,124.0,64.0,203.25,Striking Distance,No Question Word,0.1,316.44280442804427,0.08025871853475752,0,0.651
/fr/snowsports/ski-boots,ski boots,1.0,5028,62832,0.08002291825821238,8.0,146.72,124.0,64.0,203.25,Striking Distance,No Question Word,0.1,309.13653136531366,0.08002291825821238,0,0.651
/gb/snowsports/snowboard-boots,snowboard boots,1.0,6008,76746,0.07828421025200011,7.83,146.72,124.0,64.0,203.25,Striking Distance,No Question Word,0.1,377.5940959409594,0.07828421025200011,0,0.651
/gb/snowsports/skis,atomic skis,1.0,6169,77060,0.08005450298468726,8.01,146.72,124.0,64.0,203.25,Striking Distance,No Question Word,0.1,379.1389913899139,0.08005450298468726,0,0.651
/gb/accessories/sunglasses/oakley,oakley sunglasses,1.0,5110,65606,0.07788921744962352,7.79,146.72,124.0,64.0,203.25,Striking Distance,No Question Word,0.1,322.78474784747846,0.07788921744962352,0,0.651
/de/accessories/sunglasses/oakley,ski sunglasses,1.0,5261,65201,0.0806889464885508,8.07,146.72,124.0,64.0,203.25,Striking Distance,No Question Word,0.1,320.7921279212792,0.0806889464885508,0,0.651
/fr/brands/hestra/gloves,winter gloves,1.0,4923,63007,0.07813417556779405,7.81,146.72,124.0,64.0,203.25,Striking Distance,No Question Word,0.1,309.9975399753998,0.07813417556779405,0,0.651
/de/brands/hestra/gloves,ski gloves,1.0,5603,69750,0.08032974910394265,8.03,146.72,124.0,64.0,203.25,Striking Distance,No Question Word,0.1,343.1734317343173,0.08032974910394265,0,0.651
/gb/snowsports/skis,skis,1.0,5895,75809,0.07776121568679181,7.78,146.72,124.0,64.0,203.25,Striking Distance,No Question Word,0.1,372.9840098400984,0.07776121568679181,0,0.651
/fr/snowsports/snowboard-boots,snowboard boots,1.0,5285,65413,0.08079433751700732,8.08,146.72,124.0,64.0,203.25,Striking Distance,No Question Word,0.1,321.8351783517835,0.08079433751700732,0,0.651
/gb/brands/hestra/gloves,winter gloves,1.0,6121,75992,0.08054795241604379,8.05,146.72,124.0,64.0,203.25,Striking Distance,No Question Word,0.1,373.88437884378845,0.08054795241604379,0,0.651
/gb/accessories/sunglasses/oakley,ski sunglasses,1.0,5901,74739,0.07895476257375668,7.9,146.72,124.0,64.0,203.25,Striking Distance,No Question Word,0.1,367.71955719557195,0.07895476257375668,0,0.651
/gb/brands/hestra/gloves,ski gloves,1.0,6314,77500,0.08147096774193549,8.15,146.72,124.0,64.0,203.25,Striking Distance,No Question Word,0.1,381.3038130381304,0.08147096774193549,0,0.651
/fr/snowsports/skis,skis,1.0,4926,63013,0.07817434497643344,7.82,146.72,124.0,64.0,203.25,Striking Distance,No Question Word,0.1,310.0270602706027,0.07817434497643344,0,0.651
/fr/snowsports/ski-jackets,ski jackets,1.0,4849,62816,0.07719370860927152,7.72,146.72,124.0,64.0,203.25,Striking Distance,No Question Word,0.1,309.0578105781058,0.07719370860927152,0,0.65
/fr/brands/patagonia/fleeces,patagonia fleece,1.0,4380,57101,0.0767061872821842,7.67,146.72,124.0,64.0,203.25,Striking Distance,No Question Word,0.1,280.93972939729395,0.0767061872821842,0,0.65
/de/brands/hestra/gloves,hestra gloves,1.0,4626,59935,0.07718361558354885,7.72,146.72,124.0,64.0,203.25,Striking Distance,No Question Word,0.1,294.8831488314883,0.07718361558354885,0,0.65
/gb/running/running-shoes,running shoes,1.0,5579,75025,0.07436187937354215,7.44,146.72,124.0,64.0,203.25,Striking Distance,No Question Word,0.1,369.12669126691264,0.07436187937354215,0,0.65
/de/camping/tents,lightweight tent,1.0,4786,62386,0.07671592985605745,7.67,146.72,124.0,64.0,203.25,Striking Distance,No Question Word,0.1,306.9421894218942,0.07671592985605745,0,0.65
/de/running/running-shoes,running shoes,1.0,4897,65099,0.07522388976789197,7.52,146.72,124.0,64.0,203.25,Striking Distance,No Question Word,0.1,320.290282902829,0.07522388976789197,0,0.65
/gb/accessories/sunglasses/oakley,sports sunglasses,1.0,5247,69527,0.07546708472967337,7.55,146.72,124.0,64.0,203.25,Striking Distance,No Question Word,0.1,342.0762607626076,0.07546708472967337,0,0.65
/gb/hiking/hiking-boots,hiking boots,1.0,5619,76884,0.07308412673638208,7.31,146.72,124.0,64.0,203.25,Striking Distance,No Question Word,0.1,378.2730627306273,0.07308412673638208,0,0.65
/gb/hiking/walking-shoes,walking shoes,1.0,5343,71069,0.07518045842772517,7.52,146.72,124.0,64.0,203.25,Striking Distance,No Question Word,0.1,349.6629766297663,0.07518045842772517,0,0.65
/gb/brands/patagonia/fleeces,patagonia fleece,1.0,5203,69419,0.07495066192252842,7.5,146.72,124.0,64.0,203.25,Striking Distance,No Question Word,0.1,341.5448954489545,0.07495066192252842,0,0.65
/de/accessories/sunglasses/oakley,oakley sunglasses,1.0,4720,61369,0.07691179585784354,7.69,146.72,124.0,64.0,203.25,Striking Distance,No Question Word,0.1,301.93849938499386,0.07691179585784354,0,0.65
/fr/outdoor/waterproof-jackets,waterproof jackets,1.0,4296,56978,0.0753975218505388,7.54,146.72,124.0,64.0,203.25,Striking Distance,No Question Word,0.1,280.33456334563346,0.0753975218505388,0,0.65
/de/hiking/walking-shoes,walking shoes,1.0,5145,69568,0.07395641674333027,7.4,146.72,124.0,64.0,203.25,Striking Distance,No Question Word,0.1,342.2779827798278,0.07395641674333027,0,0.65
/fr/snowsports/skis,atomic skis,1.0,4850,63293,0.07662774714423395,7.66,146.72,124.0,64.0,203.25,Striking Distance,No Question Word,0.1,311.40467404674047,0.07662774714423395,0,0.65
/fr/camping/tents,camping tents,1.0,4715,61632,0.07650246625129803,7.65,146.72,124.0,64.0,203.25,Striking Distance,No Question Word,0.1,303.23247232472323,0.07650246625129803,0,0.65
/gb/climbing/ropes,climbing ropes,1.0,5912,76915,0.07686407072742638,7.69,146.72,124.0,64.0,203.25,Striking Distance,No Question Word,0.1,378.4255842558426,0.07686407072742638,0,0.65
/de/brands/patagonia/fleeces,outdoor fleece,1.0,4945,63889,0.07739986539153845,7.74,146.72,124.0,64.0,203.25,Striking Distance,No Question Word,0.1,314.3370233702337,0.07739986539153845,0,0.65
/fr/brands/hestra/gloves,hestra gloves,1.0,4254,56600,0.07515901060070672,7.52,146.72,124.0,64.0,203.25,Striking Distance,No Question Word,0.1,278.4747847478475,0.07515901060070672,0,0.65
/de/accessories/sunglasses/oakley,sports sunglasses,1.0,4867,63844,0.07623269218720631,7.62,146.72,124.0,64.0,203.25,Striking Distance,No Question Word,0.1,314.11562115621155,0.07623269218720631,0,0.65
/fr/running/running-shoes,running shoes,1.0,4653,63058,0.07378920993371182,7.38,146.72,124.0,64.0,203.25,Striking Distance,No Question Word,0.1,310.24846248462484,0.07378920993371182,0,0.65
/gb/camping/tents,camping tents,1.0,5512,75420,0.07308406258286927,7.31,146.72,124.0,64.0,203.25,Striking Distance,No Question Word,0.1,371.070110701107,0.07308406258286927,0,0.65
/fr/camping/tents,lightweight tent,1.0,4433,58454,0.07583741061347385,7.58,146.72,124.0,64.0,203.25,Striking Distance,No Question Word,0.1,287.5965559655597,0.07583741061347385,0,0.65
/de/brands/patagonia/fleeces,patagonia fleece,1.0,4541,60169,0.07547075736675032,7.55,146.72,124.0,64.0,203.25,Striking Distance,No Question Word,0.1,296.03444034440344,0.07547075736675032,0,0.65
/gb/brands/patagonia/fleeces,outdoor fleece,1.0,5269,68923,0.07644762996387272,7.64,146.72,124.0,64.0,203.25,Striking Distance,No Question Word,0.1,339.10455104551045,0.07644762996387272,0,0.65
/de/hiking/hiking-boots,hiking boots,1.0,4937,66737,0.07397695431319957,7.4,146.72,124.0,64.0,203.25,Striking Distance,No Question Word,0.1,328.3493234932349,0.07397695431319957,0,0.65
/de/outdoor/waterproof-jackets,waterproof jackets,1.0,4730,61284,0.077181646106651,7.72,146.72,124.0,64.0,203.25,Striking Distance,No Question Word,0.1,301.520295202952,0.077181646106651,0,0.65
/fr/accessories/sunglasses/oakley,sports sunglasses,1.0,4373,57646,0.07585955660410089,7.59,146.72,124.0,64.0,203.25,Striking Distance,No Question Word,0.1,283.6211562115621,0.07585955660410089,0,0.65
/fr/climbing/ropes,climbing ropes,1.0,4728,63504,0.07445200302343159,7.45,146.72,124.0,64.0,203.25,Striking Distance,No Question Word,0.1,312.44280442804427,0.07445200302343159,0,0.65
/fr/hiking/hiking-boots,hiking boots,1.0,4582,62725,0.07304902351534476,7.3,146.72,124.0,64.0,203.25,Striking Distance,No Question Word,0.1,308.610086100861,0.07304902351534476,0,0.65
/de/snowsports/ski-boots,ski boots,1.0,5153,66619,0.07735030546840992,7.74,146.72,124.0,64.0,203.25,Striking Distance,No Question Word,0.1,327.76875768757685,0.07735030546840992,0,0.65
/fr/brands/hestra/gloves,ski gloves,1.0,4571,59006,0.0774666983018676,7.75,146.72,124.0,64.0,203.25,Striking Distance,No Question Word,0.1,290.31242312423126,0.0774666983018676,0,0.65
/de/snowsports/ski-jackets,ski jackets,1.0,5049,65557,0.07701694708421679,7.7,146.72,124.0,64.0,203.25,Striking Distance,No Question Word,0.1,322.54366543665435,0.07701694708421679,0,0.65
/de/camping/tents,camping tents,1.0,4905,66384,0.0738882863340564,7.39,146.72,124.0,64.0,203.25,Striking Distance,No Question Word,0.1,326.6125461254613,0.0738882863340564,0,0.65
/fr/brands/patagonia/fleeces,outdoor fleece,1.0,4298,56627,0.07590018895579848,7.59,146.72,124.0,64.0,203.25,Striking Distance,No Question Word,0.1,278.6076260762608,0.07590018895579848,0,0.65
/gb/brands/hestra/gloves,hestra gloves,1.0,5271,69902,0.07540556779491288,7.54,146.72,124.0,64.0,203.25,Striking Distance,No Question Word,0.1,343.9212792127921,0.07540556779491288,0,0.65
/fr/accessories/sunglasses/oakley,oakley sunglasses,1.0,4502,59272,0.07595491969226616,7.6,146.72,124.0,64.0,203.25,Striking Distance,No Question Word,0.1,291.6211562115621,0.07595491969226616,0,0.65
/fr/hiking/walking-shoes,walking shoes,1.0,4383,61572,0.07118495419996101,7.12,146.72,124.0,64.0,203.25,Striking Distance,No Question Word,0.1,302.9372693726937,0.07118495419996101,0,0.649
/de/climbing/ropes,climbing ropes,1.0,4889,67479,0.07245217030483558,7.25,146.72,124.0,64.0,203.25,Striking Distance,No Question Word,0.1,332.0,0.07245217030483558,0,0.649
